true,pred,test_indices
-0.6183250217762216,-0.6948499104802096,4
-0.5352506608813503,0.32656131337195016,5
-0.28472722862581595,-0.35363381807273037,6
-0.7827551938226077,-0.6296910458295552,9
0.5645372118977915,0.529565085230675,14
-0.6721237559280966,-0.7027064062215994,17
-0.9108191740401917,-0.3790411308963857,18
-0.8060204713692177,-0.15785729601640205,19
-0.4798286426624653,0.017540347783847773,31
0.647150852911575,-0.06654035773446247,34
-1.2613387347856888,-0.6722698622586107,39
-1.1128900527266132,-1.4050092484382946,52
-0.35168661994165956,-0.43477357259075744,53
0.23012939138636132,-0.07012369272548791,54
0.6164306325227383,0.8547004821736455,58
-1.3183329057763695,-0.9266766760188497,66
0.1925495040764228,0.377245791035095,76
-0.7441833593855142,-0.3325230249279899,80
2.5265079814924425,1.2639571129141847,82
0.9672478312287978,0.4133134353045033,85
-0.0015384338666655447,0.894200333472151,89
-0.6266976368115028,-0.03950013470469313,92
1.3341654674615608,1.654426071305712,107
-0.7050367015453812,-0.7459238350355945,113
0.9320398977926369,0.756727968881011,118
-0.17255539318495777,-0.14299466641320963,122
-0.36607066062164734,-0.13312213367066617,124
0.07704014061847934,0.8312020082451673,133
0.5271586204237488,0.3730358016544075,141
0.14991461545436283,0.02144047613329546,142
-0.49311147671078776,-0.14425100270343397,148
-0.7490591320523059,-0.6455739977376256,152
0.6136835364093367,-0.018132888512124568,156
0.08146057564578485,0.3557766697734928,159
-0.15941303564243423,-0.24363436298706673,161
-1.496337629365879,-0.357460640291566,170
0.3636283591731322,0.3550288019207241,171
0.3491614319724814,1.0250261087049497,175
-1.6810906074753393,-0.8678118908128455,177
0.5251160597359825,0.18893165815224858,182
-1.4231994246915225,0.749056213200352,187
0.39841109552277526,-0.19018001963742556,191
0.2208956176948414,-0.34192881236997263,192
-0.761377468405641,-0.6332439092597537,202
-0.2799031254783985,-0.4845807367994959,204
0.6658589864942017,0.20529881266151406,217
0.9409857215584769,0.35940402073633526,219
-0.5504345026633198,-0.27776635941588135,220
0.18559672437561522,0.0536311356921431,223
0.34279047258879514,-0.47221101080335026,227
0.24541011351715772,1.0301134949647874,229
-0.5249738087674611,-0.11145711765261587,233
1.647309127853816,0.9337853425972754,240
-1.9627680687927909,-1.1992408155207015,249
-0.8205718997630119,-0.06659856398626184,251
1.3033020794461245,0.7535647393759488,253
-0.22414094959029918,-0.7647216434911043,254
0.048167643771434815,-0.553668339104832,259
1.3436683532331555,1.056393947314487,260
0.7257531092597665,1.7504227152662621,262
0.5880629899379137,-0.5535316490059993,268
-0.586671520693686,-0.90793781656448,270
0.32304518104956104,0.03827005669423645,271
-0.6447798156958758,-0.4119981032499706,278
1.4307067350675258,1.1997638439358045,298
0.033805670282013145,-0.3641377308130621,299
-1.1225032744510384,-0.9690971307532646,303
0.7287445591418759,0.27527044007653184,308
0.6056187855936609,0.7146436674280591,310
0.7146888351995792,0.8880033012258169,315
0.6914741507240232,-0.0032775330084564847,317
-0.6889814748481301,-0.6506895062098313,322
-0.3698990490727887,-0.025417717535173776,326
1.18887185542928,0.7684147368581027,342
-0.18103080903482746,0.003351730914168588,347
0.15556919848089049,0.0668962836945631,353
-0.635156905936568,-0.602878949110065,360
0.2991060468544442,0.18953471275804812,361
-0.5542752702701446,-0.7522630459216342,378
-1.1540502071498644,-0.49491064705109283,379
-0.7167021719924553,-0.3961475632008243,381
-0.9972682004191986,-0.5379370210893998,390
-0.5856704237558085,-0.6673087649157107,393
0.030058015454894157,-0.07192030111879079,408
0.8027197023852645,0.9048213153495561,414
0.3769235723771381,-0.06206810248501779,427
-1.109076734551956,0.056165138096058394,432
-0.564931570416939,-1.145598782641933,434
1.1799992301492204,0.46145870055386234,438
-0.21014604497809927,-0.41184481162691816,440
-1.3612627412381912,-0.8037542570139431,442
-0.4287640872441483,-0.08478026859120887,443
1.2289367236866275,0.35367035643395717,446
3.5155110224914305,1.2959274988532494,456
-0.09835419579430645,-0.07460410207095884,459
0.1454446638043236,-0.36314344779305185,461
-0.184690195099682,-0.013861183658113863,465
-1.6472387298106745,-0.6543233347004409,467
-1.3717015988242853,0.44854939407268335,475
-0.22221787466608603,-0.41511399594014814,479
0.462157288602528,0.9940731494247812,481
0.470947565586085,-0.0012115541874821137,482
-0.8743668663457658,-0.7425770751286016,483
-0.6131354644240629,-0.3087322037824438,487
0.6710044094652282,0.8111542670213787,489
3.405570126194391,2.681492125767511,501
1.7938438847994007,1.278179745550785,506
-1.496337629365879,-1.0196530993248114,511
-0.1494009898153385,-0.3308259772398314,512
-1.1361547920490631,-0.1476154553841307,516
0.5370436453490492,1.0055662105266352,519
0.3411903321606715,0.28429657226930805,522
0.5114532394305947,-0.32214690813224467,527
0.48905073521270387,-0.15945608281076296,529
-1.2276421347912267,-0.35562836647429064,530
1.465912515607046,0.8608008116851251,535
-1.0646538652698805,-0.6397122899075475,536
0.7089981911543215,1.107008256693873,539
1.0307959578176156,-0.3147749110153383,549
-0.4387239253277095,0.07874912611850998,553
-0.42300993274799303,-0.4597114880143026,557
0.3744665790860569,-0.08966650568123428,558
0.010574839081652701,0.1613191225351469,568
-0.5057069985065997,0.6907467623005477,572
0.2799872482376238,0.9006187696090038,574
-0.3050220470325624,-0.23461043213110583,576
-0.006925519485599044,-0.3084702285547326,579
-0.42055616880187274,0.5757534912252883,580
2.0934571280296645,1.7631844891229034,593
-0.9647605375945063,-0.8092428221071514,597
0.5380506627526885,0.34881576827010874,615
1.096358119213712,0.45352332806180334,632
0.2977551042124697,0.199778208429612,642
0.5823642725302538,-0.16141089815926046,646
-0.5102533779873801,-0.09858874850105791,648
-3.3293671133619025,-2.268640595275754,652
0.8638124503554817,0.7421889573185918,654
0.4454147496527664,-0.4080410254021375,655
0.35737042686307724,1.334370175638633,657
0.18092870623464108,-0.11566653113345166,658
0.009130783659972356,-0.21809798939204947,667
-0.5668842476699603,-0.45318693425647455,674
2.147144988004549,1.3895567638453847,678
-0.14066776459275734,-0.41759142022034845,679
1.4392365115575705,-0.28143178570137306,685
-0.4886592864580334,-0.1980379605106849,692
-0.0901495066969918,0.26824903141306394,706
-0.7943049460752497,-0.45662056488847497,713
-0.20136384135694452,-0.08193415537906461,720
1.2045583985768291,0.8163302772714266,722
-1.212381865178516,-0.6297088475936519,724
1.1488748034161116,0.13769737239946822,728
-1.1560631655088225,-0.7113293762249738,733
0.4263029479500279,0.15113506026646753,737
0.30549207651461463,-0.07798408520979669,744
1.0014239889499528,0.443975161491615,746
0.2220092034821901,-0.21017658381694615,752
0.287551988808521,0.48061104937370575,757
0.21455641353660393,0.9393442616615785,759
1.053954128756356,0.8001992578479438,762
0.1318841060893641,0.20682921000296567,769
0.21605267670181874,0.03869919358160659,771
0.8580582958593265,0.7489150800610775,775
-0.14298751072300045,1.338278964014817,776
-0.7155277668750097,-0.4137898837725568,781
2.252574489391218,0.8410786314913278,783
-0.2799031254783985,-0.42674399741506813,789
-0.20637094071881268,0.42318377209247343,793
-0.17195365857391093,0.5210742438763754,808
-0.738129952256316,-0.4057223584113352,810
-0.01234866612326254,0.4911496802634872,813
-0.5620111661239693,-0.06644621156436922,818
-1.7204321024614464,-0.16400993284288623,831
1.107186112867594,1.0505057696202127,840
1.071913592532215,0.8399344099847832,847
-0.2515446327042965,-0.2639838380572764,853
-1.5533875065571354,-0.7949899076337406,861
-0.1470629440636503,-0.17708007146760096,862
0.20248835141773822,-0.19030487418697611,863
0.4665642680258298,-0.219272179219831,867
0.06047306274492633,-0.48667510156267696,871
-0.39959502888486154,-0.11347690338504542,883
-0.6256464850267314,-0.45694512213040744,887
1.1278097862361915,1.166143757887948,892
1.1375069709296,-0.13862572598242637,895
1.9758529961404203,1.1583591366009065,897
-0.903397062871734,-0.47756196274329205,898
-1.2988879433184988,-0.41254479636727986,901
-2.8098284813805874,0.24387086238827183,906
0.5852184752515251,-0.09247300290407079,911
0.004783008894286993,0.4367065464713903,914
-1.7204321024614464,0.7094028819003375,916
0.010574839081652701,-0.38609539276258936,927
1.340482066205072,1.5046948495131736,930
-0.13951058264843652,-0.49864761005527064,933
1.2782472065670183,-0.19872995531338877,935
-0.13202765214988196,-0.21053639743248911,936
0.39691644703004086,-0.6286469259434361,937
0.4309074556401044,0.3084633699019263,940
1.0215390404872093,-0.22569619674122474,953
-1.22325291676521,-0.6822010964191807,955
0.42687992424970783,-0.30422141706537403,958
-0.18959503187112178,-0.37851259477111904,965
1.3584081600830018,1.4990102551074755,971
1.9215817011759344,1.4685256961671598,974
1.008372462857479,0.6217385991901296,979
0.6166593777908017,0.7668032345179577,980
0.16556940337646292,0.061462404867146214,991
0.5314821751022275,0.13677543343438414,1010
0.5088493109437928,-0.2457782120795314,1013
-0.20699851008954667,-0.0990062274531192,1014
-1.221067188450844,-0.46017698598037227,1015
0.48637414646428184,-0.21258042208997105,1017
-0.3294794910939029,-0.25211780914140586,1021
-0.4984856449498777,0.35625544707515344,1026
-0.24757307662655542,-0.29409129562202485,1031
1.5132159605942404,1.4288084615126118,1045
-0.2228583614166636,-0.42698051194888315,1050
0.5826021676090398,0.6227610367159572,1058
1.4596093724675385,0.9345327072104551,1073
-1.566627013560566,1.1780480168659142,1076
-0.36454479512762433,-0.21693452098953792,1081
0.6205335152955558,1.0993458607313575,1089
0.6345101202863106,-0.015355945177921866,1091
0.9915373493521717,1.4493784416389925,1095
0.5916045049116956,0.8563773679847642,1100
1.2889223445594178,1.5710438138977845,1108
-0.7167021719924553,-0.2768460660711671,1109
1.5226564123632575,1.5072518125597612,1110
0.026764083594780958,-0.42225993621867064,1124
-0.8007927001016883,-0.16385698568329665,1125
1.234518108227375,1.0463204201415772,1129
0.03146493340952421,0.28217942985967,1136
0.2967405516705884,-0.12159797128571848,1137
-1.0996195978339742,-0.7209290131715966,1145
0.2782584722352245,0.046567966216088906,1150
0.15838141971767014,-0.03486750211112798,1154
-0.8165772000463843,-0.6138438158589936,1165
-0.4763226504832533,0.30386262708985007,1170
0.4499132271832935,0.7620843972517827,1177
-1.3357363839947944,-0.5988430241138908,1178
-0.5129929389625396,-0.4663161133804367,1181
1.3735166504825504,1.0381690636762912,1192
-1.002258076607942,0.7101051244910509,1193
-0.9213253096463044,-0.7290446988306682,1194
0.2709558468303199,0.31240224500866315,1196
0.07081127241307246,-0.3518788090247656,1197
1.6132330798264487,1.1679648016581226,1199
-0.33902812591911013,1.5180630190020894,1200
0.6431803732821543,-0.12989453524717062,1205
0.8958889956278945,-1.1866191629419143,1223
-1.957358108647051,0.4907195907193537,1228
-0.2602170385967808,-0.3674911620085192,1230
-0.02481017010319733,-0.6685576898592496,1238
-1.6399032727320009,-0.29700651143409057,1240
1.127321616922936,0.9755125484666938,1247
-0.8504794016700233,-0.38359445077771126,1257
-1.29171449171203,-0.1546745182098429,1260
1.0700830921635476,0.7977700315412841,1261
-4.090093141316804,-0.6552593132427421,1263
1.9016512605256088,1.3655203133398712,1264
-0.6855820510526277,-0.40199369213258657,1270
-1.0311278823341858,-0.3482161855415877,1271
0.6030676030745535,0.1557069892481303,1281
-0.4140490387056687,-0.896331428329026,1283
0.14950933266177047,-0.8752854185353225,1287
-0.2730612199545817,-0.13345803667789452,1292
-0.14531371554316536,-0.15479197217719134,1298
-1.2846034741081385,-0.8333088022812114,1299
0.85157861519529,-0.15935369642877759,1301
1.3381305648493802,0.5894610271939014,1310
-1.5800855777971772,-0.5671506524825095,1317
-0.7285366448258163,-0.33844705911581285,1318
0.037071076261638435,-0.29180025298624246,1327
-0.2965627779074972,0.1916076333251281,1333
0.06273198954507259,-0.21185600735498059,1336
-0.25687089899313315,-0.461937845524958,1340
-0.1786001887275936,-0.8510241598714763,1343
0.02156160886277864,-0.25084067317851255,1347
-0.662173605879418,-0.3053076664476287,1359
-0.04928429911350246,-0.21943490053016898,1370
0.48099459598359046,0.19504511495099464,1372
-1.3207963577573725,-0.9513497703544368,1384
-1.478176331529964,0.36528901214358106,1385
3.2226977033004918,2.705113228688636,1391
-0.9273900194828658,-0.8737895240536568,1397
-0.5305632666706107,0.7473076789890335,1399
-0.7676068748352081,-0.5826006784051221,1404
-1.9001055900594985,0.5282703977779194,1406
0.2312300597938665,0.09857572179937625,1414
-0.014825573708269231,-0.018243294434095947,1422
0.749189542089304,0.4867662427649506,1429
0.35106351615444875,0.01337311493044288,1432
0.3545382913323721,-0.8570171728676647,1444
-0.8232457973906332,-0.4711169921553436,1465
-0.49669012915161986,-0.49207129662552096,1471
-1.2145444498539957,-0.5026262949120126,1473
-1.0486007914692699,-0.7769413045180381,1475
-0.30786171770150966,-0.09882691807416556,1481
0.4602212962984713,-0.02166487422715094,1486
-0.9381135976496787,-0.02397123472253115,1492
0.4049559013101897,-0.5213006710753146,1497
0.6811978368342941,0.6828854925108577,1502
-0.15822894249010594,-0.1977323770159581,1503
0.18985246280991508,0.17717388226170896,1507
-0.5002849283172565,-0.7479685930234946,1511
0.5958338703621481,0.5568756932406579,1513
-2.9800736272532253,-0.10621392357177745,1514
-2.606913936323132,-0.7167637986587926,1521
-0.1488159401532563,0.21550660523341442,1523
-0.05187638666878108,-0.32276037064774094,1524
-0.7515080519809848,-1.096719524958654,1525
1.8309259147612011,-0.7315070635988679,1541
-0.7178776535582212,-0.7260962073099013,1543
1.4783756342594614,0.6807100631157965,1559
0.09197209349349902,0.30173540643281316,1563
-0.1665552702476143,-0.08953715830550683,1565
-4.019247367896563,-0.785455055383715,1575
0.024403432428366498,-0.7988371594961352,1580
-0.5494775401065745,-0.4626946801922351,1583
0.09327674885770072,-0.06380886204834282,1587
-0.521268673648994,-0.6195039183742836,1598
0.4499132271832935,0.13780770431561756,1608
2.244415549347516,2.0177933172482936,1612
-0.16238134188565714,-0.26663720108762756,1617
-0.7297298877888672,-0.30263335707852496,1618
-0.8931180578612044,-0.6816095019513112,1622
-1.162132181138665,-1.0276521652639818,1629
1.059144762556835,-0.25204785211063,1634
-0.49669012915161986,-0.4525301769895355,1636
0.21418180952114008,0.05193259981418179,1637
1.1463752904163786,0.10817540718617352,1640
0.7350902219900352,0.6415589514707384,1656
1.7404127577489077,1.5510352553928552,1664
1.1012866378481982,0.8607459289675145,1667
0.08629544327640525,-0.03616541890884463,1671
-0.20198818138271762,-0.8128688705675262,1683
0.8740349418291957,0.8814098292098421,1684
-0.016812697307540134,0.352137090357732,1686
1.0039832448314623,0.3116223797295734,1690
2.6828760938439533,1.7895493027274652,1696
